{"cameraMode":{"drawMode":0,"name":"Shaded","section":"Shading Mode"},"sceneLighting":true,"audioPlay":false,"sceneViewState":{"showFog":true,"showMaterialUpdate":false,"showSkybox":true,"showFlares":true,"showImageEffects":true,"showParticleSystems":true,"showVisualEffectGraphs":true,"m_FxEnabled":true},"in2DMode":false,"pivot":{"x":12.375448226928711,"y":-265.89593505859377,"z":-162.17794799804688},"rotation":{"x":0.014898428693413735,"y":-0.9527830481529236,"z":0.30039307475090029,"w":0.047826338559389117},"size":443.690673828125,"orthographic":false}