{"cameraMode":{"drawMode":0,"name":"Shaded","section":"Shading Mode"},"sceneLighting":true,"audioPlay":false,"sceneViewState":{"showFog":true,"showMaterialUpdate":false,"showSkybox":true,"showFlares":true,"showImageEffects":true,"showParticleSystems":true,"showVisualEffectGraphs":true,"m_FxEnabled":true},"in2DMode":false,"pivot":{"x":-102.80686950683594,"y":-58.741851806640628,"z":2.910003662109375},"rotation":{"x":-0.012305333279073239,"y":-0.9875018000602722,"z":0.12838684022426606,"w":-0.09296995401382446},"size":104.38717651367188,"orthographic":false}